ID,Name,Email,Address,city code,Phone Number
81251,Salma Rempel,leon.jacobs@gmail.com,5581 Hills Gateway Jacinthetown, MA 64976-8640,369.907.1901
517676334,Mrs. Antonette Altenwerth Sr.,lavon96@yahoo.com,603 Maudie Ramp New Laila, AR 87741,216.450.9720
6227,Nayeli Zboncak,hbrakus@cronin.com,8893 Cody Ferry Cleoville, ND 43131,273.600.2170 x2167
1594226,Lottie Hamill,sbaumbach@thompson.com,695 Bill Forks Port Madaline, WI 28073,(428) 613-1391 x57731
3,Ms. Madaline Gorczany I,schultz.aidan@koss.biz,833 Kunze Street Suite 358 Reynoldsfurt, NC 94615-3125,1-310-256-1594
1,Stevie Boyle,gstehr@gmail.com,697 Tillman Estates Watersville, KS 84056,708-281-6969 x5852
1176182,Lane Turcotte,elinor06@turcotte.net,9805 Thad Fort Suite 844 West Lyla, NC 72150-0131,(320) 564-6170 x1717
7101234,Ms. Modesta Jones,zfunk@yahoo.com,8607 Hane Trafficway Suite 157 Lake Madilyn, MN 06633,1-212-884-3426
51363380,Lew Towne,adela.swaniawski@ferry.com,39084 Boyd Valleys Lake Demarco, MS 47344-1233,(420) 588-0056
6242,Mina Shields,brekke.tyrique@gleason.net,278 Federico Crossroad Apt. 932 Aufderharville, WY 94623-2549,+1.472.984.8888
6403048,Sandy Ernser,rbashirian@yahoo.com,63975 Jaydon Views Sabrynaport, UT 05737,1-403-679-4716
9743,Elmore Bergstrom III,christina08@ondricka.com,43168 Nader Meadows Suite 529 East Wilburn, RI 55048-3943,(907) 854-6958 x36444
30806,Mireille Ziemann,mitchel33@schultz.com,511 Kaylah Locks Apt. 106 Mullerborough, HI 87030-4855,508.821.1419
9506,Alysa Feest,cole.nels@emmerich.com,163 Margarete Mews East Cicero, TN 03754,476-318-3051 x994
93649,Cheyenne Cronin V,maurine76@gmail.com,55159 Dean Creek Suite 221 West Delfina, IA 99902-7449,627.388.6242 x9500
74,Raina Schuster,white.audrey@yahoo.com,7996 Reanna Drive Turnermouth, TN 05586-2038,+16963717309
124872480,Nestor Olson Jr.,ubradtke@hotmail.com,152 McKenzie Mountains Apt. 832 North Emeryhaven, TN 73781-4260,+1.995.652.5766
79,Jeffery Goldner,bart.stiedemann@deckow.com,1481 Osinski PikeBayerberg, FL 61969,1-610-573-1802
5039,Stacy Auer,lonzo.krajcik@hansen.biz,638 Prosacco Pine East Heatherborough, OH 03822-8503,+1-920-812-0061
573052,Arvilla O'Kon PhD,alvah.thiel@watsica.com,90748 Larry Park Suite 204 Keelingview, IN 30911,1-914-643-9257
239894,Brent McCullough,glover.luciano@yahoo.com,3501 Zula Spurs Suite 971 Winifredside, OR 59574,(394) 776-5369
6142409,Margarita Stark,goldner.bernita@hotmail.com,6491 Romaguera Road Bryonmouth, IN 09190,726.801.8300
86502976,Mrs. Marilie Collier,alfreda75@sipes.com,145 Anderson Run Suite 200 South Mason, AZ 57621,718-275-0552 x487
73451096,Madge Gislason V,marques.cormier@bosco.com,5220 Barton Plaza Apt. 814 North Moriah, IL 13376-9495,(386) 335-0359 x04003
928,Prof. Melvina Hahn,wendy.zboncak@gmail.com,940 Emanuel Via Thurmanton, RI 64215,(905) 649-4191
430,Kattie Christiansen,burley.leuschke@gmail.com,873 Florida Estates Apt. 352 West Jacquelyn, GA 46837,(216) 313-8621
851,Mr. Ryann Murphy V,cristal.erdman@yahoo.com,91185 Gerlach Springs Port Isaimouth, TN 56378-2882,554.786.2244
69,Dr. Cicero Labadie,helmer.hoppe@lindgren.com,4253 Becker Walks Runolfssonborough, DE 15815,(846) 913-1690 x5892
63,Queen Bogan MD,nickolas80@schinner.com,16420 Crona Lock Suite 784 West Allan, NY 78664,308.931.7864 x9429
36977546,Crystel Nienow,edwina.johnston@yahoo.com,6880 Heaney Station Apt. 721 New Claudiemouth, AL 25144-8607,983.648.7376 x8563
480,Ismael Rolfson,bernadette.aufderhar@yahoo.com,33359 Rosendo Heights Moenmouth, WV 02995,705.758.9189 x1329
844,Miss Daisy Welch,lavon.bogisich@abshire.com,716 Cole Trafficway West Antonietta, AR 76426,+1-546-632-0569
4,Mrs. Rhianna Turcotte PhD,eichmann.madisen@hotmail.com,91021 Wilburn Rest Suite 565 Gleasonburgh, MN 55466,517.724.5068 x0840
91410,Kiara Rippin,schiller.joelle@schroeder.com,90178 Kenna Summit Apt. 976 South Myah, WV 01366,795.238.2880
178798,Wilma Ullrich Sr.,mitchell.domenick@gmail.com,5555 Prosacco Glen Laurymouth, NM 03517-3629,(697) 303-9709 x7582
981786032,Rafael Lowe DVM,frederik82@ankunding.com,47603 Gutkowski Summit Apt. 260 Halvorsonchester, WV 17991,(601) 493-3607 x05800
89,Mrs. Violette Schulist V,kautzer.cyril@auer.net,41441 Simonis Spur Marvinview, AR 80977-1874,1-942-543-4834 x5590
197174,Kaleb Gusikowski,qpfannerstill@gmail.com,8648 Skiles Run East Allie, MT 85303-6062,+13822022627
88560,Colin Weber,pkoch@zieme.biz,148 Guillermo Island Suite 984 Schinnerland, CA 78234,+14504760420
9151963,Tiffany DuBuque,gennaro.kihn@yahoo.com,9026 Keith Circle Taliaberg, UT 36483,561.812.4422 x9443
86886154,Wilfrid Roberts,dpagac@powlowski.net,2022 Jones Port Suite 291 West Xanderport, NH 05546,904-394-6584
788077640,Dr. Katelynn Mante,roberta.kuvalis@swaniawski.com,164 Wisoky Shoals Suite 252 New Matildeshire, AZ 73378,(780) 802-2791 x38468
555224,Daron Kub,kerluke.america@hotmail.com,276 Halvorson Ramp Armaniton, AZ 51265-3962,(739) 287-7481 x74842
64067,Maryjane Mayer,urohan@yahoo.com,3988 Cremin Tunnel Kiehnport, WV 62741,+1-529-299-0081
24,Kelsie Miller,jaskolski.sienna@beahan.com,207 Rodriguez Lights Apt. 059 Port Lottie, RI 67955-4205,549-565-7191
5160,Ms. Katarina McGlynn I,heidenreich.sigrid@hotmail.com,394 Sherwood Views North Tony, ND 21696-1636,+1-897-415-1917 283
498,Lydia Langworth,casey.langworth@gibson.info,7085 Vincenzo Locks Braxtonville, IN 19752,(964) 314-9697 x822
2,Carmelo Marquardt,zane.hagenes@huels.biz,9343 Martine Underpass North Janeshire, MO 60731,(379) 996-6151 x74062
352,Damon Kihn,zander04@nienow.com,1296 Prohaska Squares Art Ruthieburgh, FL 86560-6857,+1.310.983.4453